0,1,2,3,4,5,6,7,8,9,10,11,12,13,14,15,16,17,18,19,20,21,22,23,24,25,26,27,28,29,30,31,32,33,34,35,36,37,38,39,40,41,42,43,44,45,46,47,48,49,50,51,52,53,54,55,56,57,58,59,60,61,62,63,64,65,66,67,68,69,70,71,72,73,74,75,76,77,78,79,80,81,82,83,84,85,86,87,88,89,90,91,92,93,94,95,96,97,98,99,100,101,102,103,104,105,106,107,108,109,110,111,112,113,114,115,116,117,118,119,120,121,122,123,124,125,126,127,128,129,130,131,132,133,134,135,136,137,138,139,140,141,142,143,144,145,146,147,148,149,150,151,152,153,154,155,156,157,158,159,160,161,162,163,164,165,166,167,168,169,170,171,172,173,174,175,176,177,178,179,180
433.8809090909091,433.8572727272727,433.7963636363636,433.73545454545456,433.69090909090914,433.6709090909091,433.67454545454547,433.6281818181818,433.6072727272727,433.5863636363636,433.5672727272727,433.55636363636364,433.54545454545445,433.56090909090904,433.57636363636357,433.5809090909091,433.5727272727272,433.5799999999999,433.62363636363636,433.64181818181817,433.65999999999997,433.6763636363636,433.69272727272727,433.7063636363637,433.7054545454546,433.70454545454544,433.80090909090916,433.9336363636364,434.09636363636366,434.22181818181815,434.43545454545455,434.6699999999999,435.0336363636364,435.64,436.37,437.3181818181818,438.50909090909096,439.7109090909092,440.9681818181819,442.2136363636364,443.46,444.70909090909083,446.19818181818175,447.9154545454545,449.42272727272723,450.69545454545454,451.77000000000004,452.51727272727277,453.12545454545455,453.3536363636364,453.6154545454546,453.9800000000001,454.2018181818182,454.0118181818181,453.3963636363636,452.68727272727267,452.16181818181826,451.77727272727276,451.6372727272728,451.71181818181816,452.1681818181818,452.8636363636364,453.6818181818182,454.64272727272726,455.7181818181819,456.90545454545463,457.5345454545455,458.2472727272727,458.8536363636363,459.18545454545455,459.51,459.72,459.3763636363636,458.68999999999994,457.92454545454547,457.15363636363634,456.52727272727276,456.69090909090903,456.97999999999996,457.5681818181818,458.55545454545455,459.8290909090909,461.15,462.7072727272727,464.16636363636366,465.15090909090907,466.07000000000005,466.64909090909094,466.8754545454545,466.88272727272727,466.4418181818182,465.7490909090909,464.7254545454545,463.4972727272727,462.07090909090914,460.909090909091,460.0918181818182,459.79818181818183,459.71363636363634,459.840909090909,460.0645454545454,460.2436363636364,460.81000000000006,461.1172727272728,461.3554545454546,461.8918181818182,462.64272727272726,463.67,464.30636363636364,464.97818181818184,465.59,465.5127272727273,465.5800000000001,465.53909090909093,465.49999999999994,465.54272727272723,465.54909090909086,465.3336363636363,464.96,464.5954545454545,464.35727272727274,464.2681818181818,464.9836363636363,466.12454545454557,466.60454545454553,467.3918181818182,467.98636363636354,468.7572727272727,469.3681818181818,469.7681818181819,470.1500000000001,470.3363636363636,470.3918181818182,470.3763636363637,469.98727272727274,469.84454545454537,469.4436363636364,469.3836363636364,469.0309090909091,468.6954545454546,468.2263636363637,467.7027272727273,466.8454545454546,465.6372727272728,464.34,462.93999999999994,461.36818181818177,459.57636363636357,457.55090909090904,456.1027272727273,454.7709090909091,453.6718181818182,452.6327272727274,451.9618181818183,451.9845454545455,451.44363636363636,451.1390909090909,450.97909090909087,450.97999999999996,451.0709090909091,450.4736363636364,450.0309090909091,449.6554545454546,449.09909090909093,448.49000000000007,447.3409090909091,446.34818181818184,445.7618181818182,444.88454545454545,444.3381818181818,444.1381818181818,444.31363636363636,444.47909090909087,444.74090909090904,444.979090909091,445.0927272727273,445.50818181818175,446.34272727272725,446.49545454545455,447.21636363636367,0.49363636363636426
434.2388888888888,434.2077777777777,434.1833333333333,434.1522222222222,434.12888888888887,434.0755555555555,433.9755555555555,433.95333333333326,433.91888888888883,433.8844444444444,433.8655555555555,433.8366666666666,433.80777777777774,433.7522222222222,433.72666666666663,433.7311111111111,433.67444444444436,433.61777777777775,433.56111111111113,433.53777777777776,433.5244444444444,433.511111111111,433.54333333333324,433.57555555555547,433.59333333333325,433.61111111111103,433.61666666666656,433.6066666666666,433.58444444444444,433.60666666666657,433.62888888888887,433.6511111111111,433.67111111111114,433.70444444444445,433.7344444444444,433.7455555555556,433.77222222222224,433.8866666666667,433.9855555555555,434.14,434.29333333333324,434.55666666666656,434.84555555555556,435.2933333333333,436.0688888888889,436.9922222222222,438.0444444444445,439.3644444444444,440.74888888888887,442.2311111111111,443.6466666666666,445.03666666666663,446.38222222222214,447.74999999999994,449.4044444444444,450.86333333333334,451.8866666666667,452.7833333333333,453.48,454.0855555555556,454.3233333333333,454.5322222222222,454.54777777777775,454.0655555555555,453.3588888888889,452.7055555555555,451.98444444444436,451.4522222222222,451.1355555555555,451.38222222222214,451.75888888888886,452.1088888888889,452.8966666666666,454.14444444444445,455.5888888888889,457.0633333333333,458.5033333333333,459.02111111111105,459.53111111111104,459.8644444444444,459.95888888888885,459.88222222222214,459.4888888888888,458.6822222222222,457.77666666666664,456.83444444444444,456.59777777777765,456.40111111111105,456.37777777777774,456.8355555555556,457.4911111111111,458.5355555555555,460.43555555555554,462.49555555555554,464.52777777777777,466.34777777777776,467.3744444444444,468.061111111111,468.2188888888889,467.7533333333333,467.0133333333333,465.57333333333327,464.15666666666664,462.9022222222222,461.6777777777778,460.7633333333333,460.03999999999996,459.35999999999996,459.41111111111104,459.4566666666666,459.68555555555554,460.06555555555553,460.0955555555556,460.87222222222226,461.7366666666667,462.22333333333336,462.9633333333333,463.5166666666666,464.19555555555553,464.8688888888888,465.4622222222222,466.22,465.8133333333334,465.54999999999995,465.9855555555555,466.1466666666666,465.7677777777777,465.26,464.7722222222222,464.17333333333335,463.6533333333333,464.04999999999995,464.6166666666667,465.1344444444444,466.3133333333334,467.28333333333325,468.3988888888889,469.01,469.90111111111116,470.6055555555556,470.78666666666663,470.8422222222222,470.5922222222222,469.8322222222222,469.7444444444444,469.4855555555555,469.55444444444447,469.2377777777778,469.0288888888889,469.0,468.8277777777777,468.2077777777777,467.55555555555554,466.27666666666664,464.51555555555547,463.0166666666666,461.53666666666663,459.75777777777773,457.6822222222222,455.40777777777777,454.1822222222222,453.0222222222223,452.10666666666674,451.66111111111115,451.1477777777777,451.12555555555554,450.8866666666666,451.22444444444443,451.7255555555555,451.4211111111111,450.8855555555556,450.2733333333333,449.8422222222222,449.28777777777776,448.1344444444444,447.53777777777776,446.48333333333335,445.22666666666663,444.84666666666664,444.16444444444437,-0.24222222222222298
434.6322222222222,434.5911111111111,434.5755555555556,434.56666666666666,434.4655555555555,434.3722222222222,434.32444444444445,434.28777777777776,434.2633333333333,434.2388888888888,434.2077777777777,434.1833333333333,434.1522222222222,434.12888888888887,434.0755555555555,433.9755555555555,433.95333333333326,433.91888888888883,433.8844444444444,433.8655555555555,433.8366666666666,433.80777777777774,433.7522222222222,433.72666666666663,433.7311111111111,433.67444444444436,433.61777777777775,433.56111111111113,433.53777777777776,433.5244444444444,433.511111111111,433.54333333333324,433.57555555555547,433.59333333333325,433.61111111111103,433.61666666666656,433.6066666666666,433.58444444444444,433.60666666666657,433.62888888888887,433.6511111111111,433.67111111111114,433.70444444444445,433.7344444444444,433.7455555555556,433.77222222222224,433.8866666666667,433.9855555555555,434.14,434.29333333333324,434.55666666666656,434.84555555555556,435.2933333333333,436.0688888888889,436.9922222222222,438.0444444444445,439.3644444444444,440.74888888888887,442.2311111111111,443.6466666666666,445.03666666666663,446.38222222222214,447.74999999999994,449.4044444444444,450.86333333333334,451.8866666666667,452.7833333333333,453.48,454.0855555555556,454.3233333333333,454.5322222222222,454.54777777777775,454.0655555555555,453.3588888888889,452.7055555555555,451.98444444444436,451.4522222222222,451.1355555555555,451.38222222222214,451.75888888888886,452.1088888888889,452.8966666666666,454.14444444444445,455.5888888888889,457.0633333333333,458.5033333333333,459.02111111111105,459.53111111111104,459.8644444444444,459.95888888888885,459.88222222222214,459.4888888888888,458.6822222222222,457.77666666666664,456.83444444444444,456.59777777777765,456.40111111111105,456.37777777777774,456.8355555555556,457.4911111111111,458.5355555555555,460.43555555555554,462.49555555555554,464.52777777777777,466.34777777777776,467.3744444444444,468.061111111111,468.2188888888889,467.7533333333333,467.0133333333333,465.57333333333327,464.15666666666664,462.9022222222222,461.6777777777778,460.7633333333333,460.03999999999996,459.35999999999996,459.41111111111104,459.4566666666666,459.68555555555554,460.06555555555553,460.0955555555556,460.87222222222226,461.7366666666667,462.22333333333336,462.9633333333333,463.5166666666666,464.19555555555553,464.8688888888888,465.4622222222222,466.22,465.8133333333334,465.54999999999995,465.9855555555555,466.1466666666666,465.7677777777777,465.26,464.7722222222222,464.17333333333335,463.6533333333333,464.04999999999995,464.6166666666667,465.1344444444444,466.3133333333334,467.28333333333325,468.3988888888889,469.01,469.90111111111116,470.6055555555556,470.78666666666663,470.8422222222222,470.5922222222222,469.8322222222222,469.7444444444444,469.4855555555555,469.55444444444447,469.2377777777778,469.0288888888889,469.0,468.8277777777777,468.2077777777777,467.55555555555554,466.27666666666664,464.51555555555547,463.0166666666666,461.53666666666663,459.75777777777773,457.6822222222222,455.40777777777777,454.1822222222222,453.0222222222223,452.10666666666674,451.66111111111115,451.1477777777777,451.12555555555554,450.8866666666666,451.22444444444443,451.7255555555555,451.4211111111111,450.8855555555556,-0.6122222222222212
434.44875,434.43874999999997,434.39874999999995,434.38875,434.4525,434.5675,434.645,434.69125,434.65375,434.62,434.61,434.59250000000003,434.50875,434.40375,434.33,434.3075,434.26625,434.23875,434.22375,434.19624999999996,434.16125,434.15625,434.13,434.04999999999995,433.95624999999995,433.91749999999996,433.87874999999997,433.85999999999996,433.83874999999995,433.80625,433.795,433.76625,433.77,433.70624999999995,433.6425,433.57875,433.51750000000004,433.5025,433.48749999999995,433.52374999999995,433.55999999999995,433.5949999999999,433.61499999999995,433.63499999999993,433.64125,433.595,433.56999999999994,433.59499999999997,433.62,433.64500000000004,433.6825,433.72,433.76750000000004,433.7975,433.80625000000003,433.885,433.99625000000003,434.16999999999996,434.3449999999999,434.64125,434.96999999999997,435.50875,436.38125,437.30000000000007,438.45125,439.87375000000003,441.4325,442.97875,444.5425,445.93125,447.1112499999999,448.48374999999993,450.08000000000004,451.38750000000005,452.40375,453.30375000000004,454.04125000000005,454.7225,454.865,454.74125,454.27,453.6825,453.04375,452.31624999999997,451.62125,451.07874999999996,451.13624999999996,451.32125,451.60375,452.06874999999997,453.1625,454.6625,456.37125,457.93375,459.36749999999995,459.72999999999996,460.065,460.32875,460.01374999999996,459.61749999999995,459.05,458.1925,457.11625000000004,456.9074999999999,456.42999999999995,456.16875,456.3,456.58625,457.37,458.88500000000005,461.18375000000003,463.485,465.82875,467.62,468.53999999999996,468.92875,468.655,467.73999999999995,466.28499999999997,464.64625,463.0675,461.9525,461.21125,460.3299999999999,459.72749999999996,459.2125,459.1875,459.40375,459.61625000000004,459.87625,460.1725,461.33375,462.23875,462.94874999999996,463.20874999999995,463.755,464.47749999999996,465.02,465.91375000000005,466.18875,465.92,465.98125,466.34875,466.1675,465.52375,464.9175,464.24375000000003,463.61125000000004,463.75874999999996,464.2325000000001,464.44125,465.21000000000004,466.78124999999994,467.8,468.9975,469.68500000000006,470.64000000000004,471.13375,471.17375000000004,470.8625,470.02374999999995,469.64874999999995,469.31375,469.5325000000001,469.2950000000001,469.10125000000005,469.15625,469.10124999999994,468.8775,468.19624999999996,467.1862499999999,465.70374999999996,463.86375,462.29625,460.6725,458.75875,456.5625,454.4775,453.15125000000006,452.2750000000001,-0.53125
433.56999999999994,433.5449999999999,433.53928571428565,433.5457142857142,433.5799999999999,433.6142857142856,433.64857142857124,433.68142857142846,433.6942857142856,433.705,433.69571428571425,433.6864285714285,433.74571428571426,433.8321428571428,433.9542857142857,434.0835714285714,434.29214285714284,434.50499999999994,434.7892857142857,435.26428571428573,435.83428571428567,436.5571428571428,437.4707142857143,438.4635714285714,439.5385714285714,440.64,441.67285714285714,442.7585714285714,444.01357142857137,445.5485714285713,447.03999999999985,448.4257142857142,449.7071428571428,450.7314285714285,451.6285714285714,452.1378571428571,452.5092857142857,452.8842857142857,453.1564285714286,453.28357142857146,453.3557142857144,453.3085714285714,453.1114285714285,452.74142857142857,452.4714285714286,452.42714285714294,452.4507142857143,452.7814285714286,453.32142857142856,454.1692857142856,454.9357142857143,455.6542857142857,455.9271428571429,456.43928571428575,457.0292857142857,457.5771428571428,458.20071428571424,458.6914285714285,458.8621428571428,458.80428571428564,458.6921428571428,458.30642857142846,457.88999999999993,457.5364285714286,457.43071428571426,457.55,458.3792857142856,459.44357142857143,460.49571428571426,461.62928571428563,462.4628571428571,462.95928571428567,463.56571428571425,464.14357142857136,464.5692857142856,465.075,465.34,465.49642857142845,465.52928571428566,465.15428571428566,464.3914285714285,463.3114285714285,462.1278571428571,461.28000000000003,460.64500000000004,460.3971428571428,460.35642857142847,460.30714285714276,460.7307142857142,460.9992857142857,461.1578571428572,461.3607142857143,461.675,462.2635714285715,463.03642857142864,463.84214285714285,464.71714285714285,464.8464285714286,464.9164285714286,465.2078571428571,465.27,465.3214285714286,465.08428571428567,464.98785714285697,465.09571428571417,465.1607142857141,465.1892857142856,465.18714285714276,465.3785714285714,465.81714285714287,466.005,466.7464285714285,467.21214285714285,467.61285714285714,468.02714285714285,468.41571428571416,468.77571428571423,469.12,469.45500000000004,469.9207142857143,470.24071428571426,470.38642857142855,470.2507142857142,469.7728571428571,469.5192857142856,469.0514285714286,468.60428571428577,467.9471428571429,467.13785714285723,466.2092857142858,465.35571428571427,464.4292857142857,463.2964285714285,461.76499999999993,460.00142857142845,458.7221428571427,457.52285714285705,456.2592857142856,455.0628571428571,453.98999999999995,453.4478571428572,452.58071428571435,452.08857142857147,451.7792857142857,451.2678571428571,450.67571428571426,450.1621428571428,450.0228571428571,450.05571428571426,449.56,449.055,448.4735714285714,447.6428571428571,447.21714285714285,446.20071428571424,445.68499999999995,445.17499999999995,444.92499999999995,444.91499999999996,445.0821428571428,445.2428571428571,445.17499999999995,445.2149999999999,445.47714285714284,445.65,446.1028571428571,446.75499999999994,446.8692857142857,447.39571428571423,447.62571428571425,447.7678571428571,447.6771428571428,447.46785714285716,447.2178571428572,447.1714285714286,447.2307142857144,447.2028571428571,447.16428571428577,447.1942857142858,447.10357142857146,-0.10928571428571233
434.18062499999996,434.36875,434.653125,435.09375,435.59250000000003,436.22375000000005,437.02187499999997,437.88875,438.81,439.75624999999997,440.71999999999997,441.74625,442.89187499999997,444.265625,445.63062499999995,446.9181249999999,448.1412499999999,449.29187499999995,450.326875,450.98812499999997,451.61249999999995,452.175,452.535,452.72375,452.81000000000006,452.83125000000007,452.9006250000001,453.000625,453.03125,452.93687500000004,452.875625,453.1031250000001,453.489375,453.99625000000003,454.50625,455.251875,455.52562500000005,455.834375,456.19875,456.58812500000005,457.14000000000004,457.710625,458.06312499999996,458.24187499999994,458.31874999999997,458.24749999999995,458.24875,458.15687499999996,458.10187499999995,458.21000000000004,458.53875,459.15000000000003,460.1962499999999,461.129375,461.89437499999997,462.41999999999996,462.75749999999994,463.0125,463.3125,463.73437499999994,464.06562499999995,464.448125,464.78625,464.8756249999999,464.629375,464.19125,463.47625,462.73625,462.025,461.341875,460.914375,460.691875,460.83187499999997,460.983125,461.080625,461.198125,461.579375,462.04687500000006,462.44812500000006,463.0431250000001,463.7612500000001,464.079375,464.46500000000003,464.77875000000006,464.96125,465.00062499999996,464.96874999999994,465.07875,464.8999999999999,464.83937499999985,465.1068749999999,465.39499999999987,465.6887499999999,466.1525,466.35875,466.620625,466.648125,467.199375,467.683125,467.8075,468.03625,468.4024999999999,468.724375,469.15562500000004,469.60875000000004,469.9675000000001,470.1175,470.16499999999996,469.98187499999995,469.450625,468.92249999999996,468.25000000000006,467.6181250000001,466.5793750000001,465.6987500000001,464.91437500000006,463.93,462.71999999999997,461.33687499999996,460.16874999999993,458.9893749999999,457.8037499999999,456.69249999999994,455.64062499999994,454.86,453.838125,453.166875,452.43250000000006,451.81250000000006,451.32250000000005,450.635625,450.114375,449.75124999999997,449.489375,449.41125,448.83625,448.0475,447.72875,447.105625,446.57124999999996,445.92812499999997,445.73375,445.535625,445.4625,445.36375,445.30125,445.42249999999996,445.511875,445.55625,445.81125000000003,446.035,446.325,446.889375,446.92875,447.299375,447.476875,447.541875,447.46875,447.33812500000005,447.1812500000001,447.13750000000005,447.2525000000001,447.28812500000004,447.23437500000006,447.21125000000006,447.02625000000006,446.76875,446.629375,446.3275,446.25,446.109375,446.21750000000003,446.245625,446.348125,446.42499999999995,446.508125,446.47375,446.36375,446.42562499999997,446.47249999999997,-0.0031250000000007105
434.55181818181825,434.6163636363637,434.6327272727274,434.56,434.52545454545464,434.5072727272727,434.4463636363636,434.42454545454547,434.4636363636364,434.5,434.50909090909084,434.47272727272724,434.4927272727272,434.5109090909091,434.52818181818185,434.5227272727273,434.5609090909091,434.5945454545455,434.61909090909086,434.57727272727277,434.5436363636363,434.51454545454544,434.48545454545456,434.41727272727275,434.3418181818182,434.2990909090909,434.2790909090909,434.2445454545454,434.21,434.18454545454546,434.1490909090909,434.0836363636364,434.0163636363637,433.9990909090909,433.96727272727276,433.9490909090909,433.91909090909087,433.8809090909091,433.8572727272727,433.7963636363636,433.73545454545456,433.69090909090914,433.6709090909091,433.67454545454547,433.6281818181818,433.6072727272727,433.5863636363636,433.5672727272727,433.55636363636364,433.54545454545445,433.56090909090904,433.57636363636357,433.5809090909091,433.5727272727272,433.5799999999999,433.62363636363636,433.64181818181817,433.65999999999997,433.6763636363636,433.69272727272727,433.7063636363637,433.7054545454546,433.70454545454544,433.80090909090916,433.9336363636364,434.09636363636366,434.22181818181815,434.43545454545455,434.6699999999999,435.0336363636364,435.64,436.37,437.3181818181818,438.50909090909096,439.7109090909092,440.9681818181819,442.2136363636364,443.46,444.70909090909083,446.19818181818175,447.9154545454545,449.42272727272723,450.69545454545454,451.77000000000004,452.51727272727277,453.12545454545455,453.3536363636364,453.6154545454546,453.9800000000001,454.2018181818182,454.0118181818181,453.3963636363636,452.68727272727267,452.16181818181826,451.77727272727276,451.6372727272728,451.71181818181816,452.1681818181818,452.8636363636364,453.6818181818182,454.64272727272726,455.7181818181819,456.90545454545463,457.5345454545455,458.2472727272727,458.8536363636363,459.18545454545455,459.51,459.72,459.3763636363636,458.68999999999994,457.92454545454547,457.15363636363634,456.52727272727276,456.69090909090903,456.97999999999996,457.5681818181818,458.55545454545455,459.8290909090909,461.15,462.7072727272727,464.16636363636366,465.15090909090907,466.07000000000005,466.64909090909094,466.8754545454545,466.88272727272727,466.4418181818182,465.7490909090909,464.7254545454545,463.4972727272727,462.07090909090914,460.909090909091,460.0918181818182,459.79818181818183,459.71363636363634,459.840909090909,460.0645454545454,460.2436363636364,460.81000000000006,461.1172727272728,461.3554545454546,461.8918181818182,462.64272727272726,463.67,464.30636363636364,464.97818181818184,465.59,465.5127272727273,465.5800000000001,465.53909090909093,465.49999999999994,465.54272727272723,465.54909090909086,465.3336363636363,464.96,464.5954545454545,464.35727272727274,464.2681818181818,464.9836363636363,466.12454545454557,466.60454545454553,467.3918181818182,467.98636363636354,468.7572727272727,469.3681818181818,469.7681818181819,470.1500000000001,470.3363636363636,470.3918181818182,470.3763636363637,469.98727272727274,469.84454545454537,469.4436363636364,469.3836363636364,469.0309090909091,468.6954545454546,468.2263636363637,467.7027272727273,466.8454545454546,-1.20818181818182
449.51260869565215,450.10043478260866,450.5982608695652,451.01347826086953,451.43565217391307,451.8421739130435,452.2156521739131,452.5808695652174,453.05478260869575,453.62043478260875,454.2295652173914,454.77782608695657,455.2213043478261,455.1986956521739,455.2339130434783,455.3373913043479,455.3886956521739,455.5600000000001,455.73478260869564,455.93521739130426,456.0473913043478,456.1160869565217,456.1895652173913,456.42434782608706,456.774347826087,457.2869565217391,457.92304347826087,458.6304347826087,459.4778260869565,460.24869565217386,460.97565217391303,461.45304347826084,461.60130434782604,461.6547826086956,461.65217391304355,461.54260869565223,461.7578260869565,461.8421739130435,461.92826086956524,462.12739130434784,462.1556521739129,462.09999999999997,462.18608695652165,462.2717391304347,462.5508695652173,462.8765217391304,463.12739130434784,463.371304347826,463.4030434782609,463.4786956521739,463.3526086956521,462.885652173913,462.4547826086956,462.15521739130423,462.0343478260869,462.14695652173907,462.35434782608684,462.62086956521733,462.7195652173913,462.7799999999999,463.0469565217392,463.23347826086956,463.27652173913043,463.4360869565218,463.71565217391316,463.97173913043486,464.30086956521745,464.5347826086957,464.7991304347826,465.17913043478256,465.6782608695651,466.0891304347826,466.381304347826,466.5617391304347,466.9760869565216,467.2913043478259,467.37956521739125,467.40000000000003,467.4186956521739,467.3882608695652,467.4682608695652,467.81826086956517,468.1286956521739,468.24869565217386,468.41913043478263,468.6443478260869,468.7960869565218,468.7630434782609,468.71173913043486,468.4947826086957,468.0004347826087,467.50260869565216,466.8408695652173,465.8539130434782,464.8873913043477,463.71260869565214,462.9608695652174,462.10695652173916,461.25608695652176,460.51652173913044,459.7960869565217,459.2234782608696,458.44043478260875,457.64043478260874,456.7630434782609,455.8652173913044,454.9256521739131,453.9169565217391,453.02000000000004,452.15000000000003,451.36869565217387,450.60739130434786,449.89521739130436,449.21521739130435,448.75521739130437,448.1278260869566,447.7204347826088,447.5421739130434,447.5860869565217,447.4608695652174,447.3530434782609,447.2113043478261,447.0013043478261,446.8086956521739,446.5169565217391,446.38869565217385,446.2517391304347,446.15695652173906,446.07782608695646,446.131304347826,446.1765217391304,446.16956521739127,446.13826086956516,446.1873913043479,446.23478260869564,446.4186956521739,446.7504347826087,446.79999999999995,447.1034782608695,447.3073913043478,447.4256521739131,447.4165217391304,447.28869565217394,447.06565217391307,446.95826086956527,446.84521739130435,446.7521739130434,446.5852173913043,446.59826086956514,446.4895652173912,446.452608695652,446.4882608695651,446.4852173913043,446.4834782608695,446.45260869565215,446.57608695652175,446.6817391304348,446.7213043478261,446.72434782608696,446.8730434782609,446.99173913043484,447.0473913043478,447.1882608695652,447.3234782608696,447.48130434782604,447.67913043478256,447.89304347826084,448.11086956521734,448.3921739130435,448.62565217391307,448.7856521739131,448.8052173913044,448.7465217391305,448.6808695652174,448.5965217391305,448.54434782608695,448.58304347826083,448.615652173913,448.4860869565217,448.34434782608696,-0.07521739130434861
508.7118181818183,508.69636363636374,508.6863636363637,508.7627272727273,508.8263636363637,508.9181818181819,508.9709090909091,509.0345454545454,509.0954545454545,509.0863636363636,509.1136363636363,509.1172727272727,509.12818181818193,509.18636363636375,509.2363636363637,509.2381818181819,509.22181818181826,509.2445454545455,509.23272727272723,509.2236363636363,509.230909090909,509.23909090909086,509.2618181818181,509.2836363636364,509.2545454545454,509.2254545454547,509.26545454545465,509.320909090909,509.3709090909091,509.43272727272733,509.49454545454546,509.54545454545456,509.59636363636366,509.64636363636373,509.69636363636374,509.7445454545455,509.7927272727273,509.80272727272734,509.79636363636376,509.7427272727274,509.6900000000001,509.6372727272728,509.5845454545455,509.53000000000003,509.4754545454545,509.42181818181825,509.3681818181818,509.3145454545454,509.26,509.1881818181818,509.16909090909087,509.15,509.1318181818182,509.04454545454547,508.76909090909095,508.6545454545454,508.5390909090909,508.3518181818181,508.11727272727273,507.94000000000005,507.7636363636364,507.5863636363637,507.42909090909103,507.2763636363637,507.16909090909087,507.2490909090909,507.169090909091,507.08818181818185,507.03909090909093,507.02727272727276,506.9463636363636,506.8827272727272,506.77636363636367,506.6500000000001,506.4709090909091,506.3154545454545,506.16181818181815,505.97,505.7172727272727,505.4200000000001,505.0118181818183,504.4345454545455,503.6963636363636,502.97,501.61818181818194,499.53909090909093,496.87181818181807,494.4072727272727,492.2299999999999,490.19090909090914,488.3636363636364,486.3636363636364,484.72636363636366,483.23272727272735,481.689090909091,480.6509090909092,480.2318181818182,480.48999999999995,480.52454545454543,480.1036363636364,479.4818181818182,478.46000000000004,477.64636363636373,476.69181818181823,475.49545454545455,474.3818181818181,472.8281818181818,471.5563636363637,469.9318181818182,468.1990909090909,466.60636363636365,464.3427272727273,462.4327272727273,460.8272727272727,459.3745454545454,458.40545454545446,457.39090909090913,456.89909090909094,456.14,455.5945454545455,454.77636363636367,453.7263636363636,453.1545454545454,452.4736363636364,451.3527272727273,450.1209090909091,449.0309090909091,447.85636363636365,447.12,446.5863636363636,446.06181818181824,446.13818181818186,446.83272727272725,448.00818181818175,448.6345454545455,449.459090909091,450.43727272727267,451.10090909090906,451.8390909090909,452.12000000000006,452.4681818181819,452.9509090909091,453.28000000000003,453.2854545454545,453.1227272727272,453.5418181818182,453.98545454545456,454.19181818181806,454.22090909090906,454.09363636363634,454.1281818181818,454.12363636363636,454.07,454.0118181818182,454.0581818181819,454.34,454.6272727272727,455.07545454545453,455.71181818181816,456.1654545454545,456.5963636363636,456.99999999999994,457.1863636363636,457.10090909090906,457.0663636363637,457.02000000000004,456.72181818181826,456.53454545454554,456.12272727272733,455.4500000000001,455.1554545454546,455.1263636363637,454.8872727272728,454.50181818181824,454.2490909090909,453.82545454545453,453.2018181818182,452.67999999999995,452.09363636363634,451.66181818181815,-0.31363636363636777
434.6342857142857,434.58142857142855,434.5628571428572,434.6121428571428,434.6242857142857,434.5892857142856,434.5914285714285,434.5449999999999,434.52,434.495,434.4707142857143,434.4442857142857,434.5057142857143,434.5528571428572,434.5828571428572,434.61285714285725,434.5742857142858,434.4864285714286,434.42857142857144,434.4657142857143,434.4635714285714,434.47142857142853,434.47928571428565,434.5292857142856,434.5735714285713,434.5642857142857,434.53928571428565,434.5178571428571,434.5135714285714,434.5021428571428,434.52071428571423,434.53999999999996,434.5421428571428,434.4964285714285,434.4642857142856,434.4421428571428,434.4278571428571,434.3714285714285,434.3085714285714,434.26357142857137,434.2364285714285,434.1971428571428,434.13857142857137,434.06857142857143,434.04214285714284,434.0114285714286,433.9978571428572,433.98285714285714,433.95,433.927857142857,433.86857142857133,433.80928571428564,433.76214285714275,433.7149999999999,433.66785714285714,433.6328571428572,433.63714285714286,433.65999999999997,433.64357142857136,433.62714285714276,433.6107142857142,433.5871428571428,433.56999999999994,433.5449999999999,433.53928571428565,433.5457142857142,433.5799999999999,433.6142857142856,433.64857142857124,433.68142857142846,433.6942857142856,433.705,433.69571428571425,433.6864285714285,433.74571428571426,433.8321428571428,433.9542857142857,434.0835714285714,434.29214285714284,434.50499999999994,434.7892857142857,435.26428571428573,435.83428571428567,436.5571428571428,437.4707142857143,438.4635714285714,439.5385714285714,440.64,441.67285714285714,442.7585714285714,444.01357142857137,445.5485714285713,447.03999999999985,448.4257142857142,449.7071428571428,450.7314285714285,451.6285714285714,452.1378571428571,452.5092857142857,452.8842857142857,453.1564285714286,453.28357142857146,453.3557142857144,453.3085714285714,453.1114285714285,452.74142857142857,452.4714285714286,452.42714285714294,452.4507142857143,452.7814285714286,453.32142857142856,454.1692857142856,454.9357142857143,455.6542857142857,455.9271428571429,456.43928571428575,457.0292857142857,457.5771428571428,458.20071428571424,458.6914285714285,458.8621428571428,458.80428571428564,458.6921428571428,458.30642857142846,457.88999999999993,457.5364285714286,457.43071428571426,457.55,458.3792857142856,459.44357142857143,460.49571428571426,461.62928571428563,462.4628571428571,462.95928571428567,463.56571428571425,464.14357142857136,464.5692857142856,465.075,465.34,465.49642857142845,465.52928571428566,465.15428571428566,464.3914285714285,463.3114285714285,462.1278571428571,461.28000000000003,460.64500000000004,460.3971428571428,460.35642857142847,460.30714285714276,460.7307142857142,460.9992857142857,461.1578571428572,461.3607142857143,461.675,462.2635714285715,463.03642857142864,463.84214285714285,464.71714285714285,464.8464285714286,464.9164285714286,465.2078571428571,465.27,465.3214285714286,465.08428571428567,464.98785714285697,465.09571428571417,465.1607142857141,465.1892857142856,465.18714285714276,465.3785714285714,465.81714285714287,466.005,466.7464285714285,467.21214285714285,467.61285714285714,468.02714285714285,468.41571428571416,468.77571428571423,469.12,0.3349999999999998
509.1453846153846,509.1992307692309,509.2223076923078,509.2384615384616,509.24000000000007,509.21538461538466,509.2238461538462,509.2230769230769,509.22538461538454,509.23307692307685,509.2407692307692,509.26153846153846,509.2815384615385,509.28923076923076,509.31000000000006,509.35230769230776,509.3938461538461,509.43538461538463,509.4876923076923,509.54076923076923,509.58461538461546,509.62769230769237,509.6700000000001,509.71230769230783,509.753076923077,509.79307692307697,509.75615384615395,509.70615384615394,509.66076923076935,509.61615384615396,509.57076923076926,509.5253846153846,509.48,509.43461538461537,509.38923076923083,509.343076923077,509.2815384615384,509.22,509.15923076923076,509.1438461538462,509.07,508.8361538461539,508.73846153846154,508.6415384615384,508.4838461538461,508.2853846153846,508.13461538461536,507.9692307692308,507.8038461538462,507.67076923076934,507.5423076923078,507.39384615384625,507.243076923077,507.1515384615385,507.2192307692308,507.1169230769231,507.0061538461539,506.9453846153846,506.9246153846154,506.8192307692308,506.7284615384615,506.59846153846155,506.45153846153846,506.3,506.13692307692304,505.92307692307696,505.63692307692315,505.2492307692308,504.7415384615386,504.106153846154,503.45461538461547,502.2738461538462,500.4746153846154,498.17769230769244,496.09230769230777,494.21846153846144,492.40923076923076,490.7392307692307,488.87307692307695,487.2315384615385,485.6776923076924,484.20846153846156,482.7738461538462,481.2346153846155,480.30000000000007,480.00307692307695,480.03,479.78,479.08769230769235,478.25846153846163,477.3553846153847,476.4815384615385,475.4553846153847,473.97,472.6607692307692,471.23,469.8215384615385,468.2823076923077,466.08769230769235,464.1353846153847,462.4738461538462,461.2061538461539,460.20076923076914,459.1238461538461,458.2346153846154,457.22538461538466,456.64769230769235,455.6230769230769,454.57,453.3576923076924,452.1769230769231,451.4823076923077,450.78846153846155,450.2192307692308,449.3776923076923,448.68538461538463,448.08307692307693,447.47769230769234,447.16,447.15615384615387,447.63076923076926,447.8684615384616,448.35538461538465,449.0653846153847,450.00615384615395,450.83153846153846,451.29923076923075,451.9853846153846,452.4115384615385,452.8238461538462,453.26846153846157,453.54076923076923,453.5453846153846,453.41307692307686,453.7676923076923,454.03538461538466,453.92538461538453,453.8607692307692,453.91846153846154,454.0615384615384,454.13,454.2053846153847,454.4376923076924,454.6807692307693,455.0653846153846,455.6038461538461,455.88,455.96,456.21230769230766,456.5353846153846,456.57692307692304,456.62,456.70153846153846,456.7307692307693,456.7761538461539,456.57384615384626,456.3000000000001,455.94769230769236,455.46461538461546,455.1307692307693,454.76307692307694,454.24923076923085,453.77615384615393,453.4023076923078,453.0192307692308,452.60769230769233,452.29230769230765,451.91153846153844,451.71076923076924,451.6484615384615,451.4769230769232,451.34461538461545,451.2261538461539,451.4284615384616,451.7953846153846,452.21538461538466,452.7238461538462,453.08538461538467,453.3584615384616,453.54615384615374,0.17923076923077239
504.56624999999997,503.8325000000001,502.9425,502.0087499999999,500.2149999999999,497.4074999999999,493.87624999999997,490.73999999999995,488.11375,485.8425,483.9675,481.7325000000001,480.60625000000005,480.52124999999995,481.1325,481.3,480.91,480.5375,479.96125000000006,479.50625,478.63125,477.40500000000003,476.17375,475.16249999999997,474.00875,472.73375,470.7175,469.15749999999997,467.40625,465.8525,464.32624999999996,461.65124999999995,459.44375,457.53625000000005,456.66375000000005,455.92625,455.49,455.18000000000006,454.76625,455.37749999999994,455.325,454.56250000000006,453.09875,451.2875,449.23375,447.34375,446.15125,444.85,444.65250000000003,444.94875,445.625,446.61375,448.3475,450.19375,450.7425,451.4375,451.90500000000003,452.35875000000004,452.79375,452.8775,452.6975,452.42125,453.00125,453.60875,453.8862499999999,454.09875,454.38874999999996,454.75374999999997,454.76875,454.365,454.04375000000005,453.85,453.72375,453.6474999999999,453.70875,454.09000000000003,454.6575,455.73875,456.93125,457.57624999999996,457.83875,458.15250000000003,458.15125,457.52000000000004,457.00125,456.38250000000005,455.47875000000005,455.16499999999996,455.0875,454.79999999999995,454.78375,455.12375,455.15624999999994,454.6887499999999,454.12,453.27625000000006,452.36625000000004,451.66999999999996,450.955,450.32374999999996,449.93375000000003,450.1275,450.57375,451.04749999999996,451.78,452.24249999999995,452.7725,453.3125,453.77000000000004,454.0125,454.005,454.0125,453.90125,453.995,453.92625000000004,453.66375,453.46,453.30499999999995,453.3125,453.38125,453.2125,452.97375000000005,452.76125,452.61125,452.40625,452.155,451.80625,451.46,451.3625,451.26,451.13125,451.02375,450.83125,450.4275,449.935,449.4375,449.015,448.67125,448.34499999999997,448.02625,447.90125,448.00249999999994,448.375,448.925,449.39875,450.02375,450.64874999999995,451.15,451.4,451.65749999999997,451.86249999999995,451.81249999999994,451.83124999999995,451.65874999999994,451.59374999999994,451.5375,451.64375,451.85125000000005,451.9925,452.20625,452.32625,452.4375,452.50249999999994,452.64750000000004,452.79125,452.81499999999994,452.83875,452.75,452.8775,452.91999999999996,452.92249999999996,452.8725,452.86,452.84875,452.83625,452.9475,452.85875,452.87125,452.8375,452.8299999999999,-0.00999999999999801
508.7808333333333,508.87250000000006,508.95666666666676,508.96083333333337,508.99,508.95333333333326,508.87999999999994,508.80583333333334,508.7308333333333,508.80499999999995,508.7683333333333,508.74083333333334,508.72666666666674,508.71750000000003,508.7158333333333,508.80166666666673,508.87666666666667,508.925,508.99333333333334,509.04916666666657,509.0999999999999,509.0916666666666,509.1041666666666,509.10833333333323,509.16666666666674,509.2200000000001,509.2375,509.23916666666673,509.2241666666667,509.23333333333335,509.2224999999999,509.2241666666665,509.23166666666657,509.2399999999999,509.26083333333327,509.2824999999999,509.25583333333327,509.2641666666667,509.31500000000005,509.36083333333323,509.4058333333333,509.4625,509.5191666666666,509.56666666666666,509.61333333333334,509.6591666666667,509.70500000000004,509.7491666666667,509.79333333333335,509.80166666666673,509.74750000000006,509.6983333333334,509.6500000000001,509.6016666666667,509.5525,509.50249999999994,509.45333333333326,509.4041666666667,509.355,509.3049999999999,509.2383333333333,509.17249999999996,509.155,509.1383333333333,509.0583333333333,508.80499999999995,508.69999999999993,508.5949999999999,508.42333333333323,508.20833333333326,508.04499999999996,507.8666666666667,507.7041666666667,507.56000000000006,507.4208333333334,507.2591666666667,507.15916666666664,507.23333333333335,507.1591666666667,507.0483333333333,506.9941666666667,506.97166666666664,506.8974999999999,506.79916666666657,506.70166666666665,506.5425,506.37833333333333,506.23583333333323,506.0608333333333,505.8283333333334,505.5191666666666,505.1358333333334,504.5950000000001,503.91833333333335,503.2125,501.97333333333336,500.0241666666667,497.5791666666667,495.3199999999998,493.28999999999996,491.36416666666656,489.6116666666667,487.6675,486.0,484.48333333333335,483.0391666666667,481.5141666666667,480.4200000000001,480.11749999999995,480.3349999999999,480.1783333333333,479.67833333333334,478.85833333333335,477.84333333333336,477.1341666666667,476.02166666666665,474.9258333333333,473.39166666666654,472.0833333333333,470.67583333333334,469.06833333333327,467.41999999999996,465.23083333333335,463.23,461.67999999999995,460.3849999999999,459.25916666666654,458.3299999999999,457.36583333333334,456.78583333333336,456.0441666666666,455.1758333333333,454.1533333333333,452.9,452.34999999999997,451.5233333333333,450.5708333333333,449.7775,448.65999999999997,447.9508333333333,447.3325,446.80583333333334,446.5075,446.87166666666667,447.6583333333333,448.2066666666666,448.76000000000005,449.7316666666667,450.6758333333333,451.2341666666666,451.8591666666666,452.235,452.64,453.1241666666666,453.4233333333333,453.42416666666657,453.2791666666666,453.66499999999996,454.07,454.14416666666654,453.97749999999996,453.9575,454.0716666666666,454.10833333333323,454.09666666666664,454.13666666666666,454.3908333333334,454.6583333333333,455.07083333333327,455.6525,455.95333333333326,456.155,456.62166666666656,456.8749999999999,456.8374999999999,456.8433333333333,456.8941666666667,456.8325,456.6700000000001,456.4416666666667,-0.4458333333333305
509.3299999999999,509.345,509.3835714285715,509.4221428571428,509.46071428571423,509.51,509.5592857142857,509.6,509.64000000000004,509.67928571428575,509.7185714285715,509.7557142857143,509.75142857142856,509.7171428571429,509.6707142857143,509.6285714285715,509.5864285714286,509.5442857142857,509.5028571428571,509.46071428571423,509.4185714285714,509.37571428571425,509.31857142857143,509.2614285714285,509.2042857142857,509.1485714285714,509.08,508.86285714285714,508.7721428571428,508.68142857142846,508.5349999999999,508.35142857142847,508.2114285714285,508.0578571428571,507.90357142857147,507.76571428571435,507.6464285714286,507.5085714285715,507.36928571428575,507.2300000000001,507.14428571428573,507.17571428571426,507.0728571428572,506.9599999999999,506.90357142857135,506.84999999999997,506.7521428571428,506.6307142857142,506.50999999999993,506.3735714285714,506.20357142857137,506.0035714285714,505.7385714285714,505.3778571428572,504.875,504.2771428571429,503.66214285714295,502.5657142857143,500.86071428571427,498.72785714285715,496.7542857142858,495.01428571428573,493.33428571428556,491.75428571428563,489.97285714285704,488.38214285714287,486.8442857142857,485.33714285714285,483.87857142857143,482.4242857142857,481.06500000000005,480.1807142857143,479.7435714285714,479.6707142857142,479.22428571428566,478.51428571428573,477.7757142857143,476.73357142857145,475.92285714285714,474.53,473.25,471.82714285714275,470.3971428571428,469.03785714285715,466.98357142857145,465.0092857142857,463.3685714285714,461.97714285714284,460.9764285714285,460.007857142857,458.97857142857134,458.0421428571428,457.06571428571425,456.2135714285714,455.02857142857135,453.8014285714286,452.65357142857147,451.3835714285714,450.8028571428571,450.44642857142856,449.81642857142856,449.34999999999997,448.75571428571425,448.1642857142857,447.7585714285714,447.7157142857142,447.8407142857142,447.8278571428571,448.0307142857143,448.66785714285714,449.36785714285713,450.1985714285714,450.9207142857142,451.4564285714285,452.1671428571428,452.5985714285714,452.9792857142857,453.38857142857137,453.645,453.6507142857142,453.5264285714285,453.7571428571428,453.84,453.8207142857142,453.8314285714285,453.9199999999999,454.0849999999999,454.2285714285714,454.48,454.7035714285714,455.0571428571428,455.5607142857142,455.8185714285713,455.8914285714285,456.0271428571428,456.1614285714285,456.28285714285704,456.39357142857136,456.50428571428563,456.5635714285714,456.6857142857143,456.6792857142857,456.4328571428572,456.2335714285715,455.9314285714286,455.3792857142858,454.85428571428577,454.43857142857144,453.8992857142858,453.3735714285715,453.09,452.77857142857135,452.46928571428566,452.2107142857142,451.9757142857143,451.85928571428565,451.75499999999994,451.6571428571429,451.4435714285715,451.4164285714286,451.68285714285713,452.01071428571424,452.39642857142854,452.7957142857142,453.0935714285714,453.3407142857143,453.5414285714284,453.6978571428572,453.70357142857137,453.66,453.6864285714287,453.6714285714286,453.74428571428575,453.5921428571429,453.3478571428571,453.1214285714285,452.9028571428571,452.7464285714285,452.625,452.47428571428566,-0.17857142857142855
456.54619047619053,456.74238095238104,457.0680952380952,457.4466666666666,457.9004761904762,458.44238095238086,459.0423809523809,459.83714285714285,460.47857142857134,460.99619047619046,461.3533333333333,461.4871428571429,461.5428571428571,461.8423809523809,461.9661904761905,462.10619047619053,462.24333333333334,462.3104761904761,462.45904761904757,462.6371428571428,462.7671428571428,462.9166666666666,463.02619047619044,463.2561904761904,463.4257142857142,463.4647619047619,463.4138095238095,463.127619047619,462.8242857142857,462.4419047619047,461.92904761904754,461.57571428571424,461.6028571428571,461.7690476190475,462.02904761904756,462.4319047619047,462.787619047619,462.9271428571429,463.0390476190476,463.25047619047615,463.4909523809525,463.74761904761914,464.0061904761905,464.34857142857146,464.4728571428572,464.5861904761905,464.7976190476189,464.98952380952375,465.41,465.82285714285706,466.1247619047617,466.652857142857,466.9399999999999,467.20904761904757,467.3333333333333,467.3338095238094,467.2952380952381,467.28380952380957,467.545238095238,467.922380952381,468.1528571428571,468.4004761904762,468.6961904761904,468.9485714285715,469.14571428571435,469.2900000000001,469.23571428571427,469.04761904761904,468.6338095238095,467.887619047619,466.98761904761903,466.2333333333332,465.24523809523805,464.2909523809524,463.0785714285715,462.19714285714286,461.43428571428575,460.60428571428565,459.7742857142857,458.97999999999996,458.2538095238095,457.2742857142857,456.4352380952381,455.5733333333333,454.65095238095233,453.6709523809524,452.65238095238095,451.90333333333336,451.15095238095245,450.47857142857134,449.9980952380952,449.3495238095238,448.58333333333337,448.2604761904762,447.877619047619,447.72999999999996,447.40380952380946,447.1747619047619,447.0880952380952,447.01714285714286,446.82095238095235,446.3880952380952,446.24047619047616,446.07095238095235,445.91190476190474,445.9061904761904,445.9695238095237,446.06523809523804,446.12619047619046,446.10999999999996,446.2090476190477,446.2561904761904,446.417619047619,446.7338095238095,446.79047619047617,447.0747619047619,447.2523809523809,447.39714285714285,447.4247619047619,447.36523809523817,447.24428571428575,447.17285714285714,447.08761904761906,446.9847619047619,446.7476190476191,446.6385714285714,446.43619047619046,446.39523809523797,446.3571428571427,446.32142857142844,446.4066666666666,446.47190476190474,446.48809523809524,446.4995238095238,446.62999999999994,446.70571428571424,446.7019047619048,446.70761904761906,446.82238095238085,446.9066666666666,446.9828571428572,447.1747619047619,447.40333333333325,447.6995238095238,447.9623809523809,448.235238095238,448.47285714285715,448.72666666666674,448.85904761904766,448.9509523809524,448.97190476190474,448.8304761904763,448.72619047619054,448.72095238095244,448.7628571428571,448.68619047619046,448.617619047619,448.5628571428572,448.4800000000001,448.2309523809525,447.98476190476197,447.7971428571429,447.51523809523815,447.30095238095237,447.0690476190475,446.9457142857142,446.97904761904755,446.96809523809515,446.95714285714274,446.9280952380952,446.99571428571414,447.07619047619056,447.2852380952381,447.42142857142863,447.6338095238096,447.7990476190477,447.9352380952381,448.0495238095238,448.222380952381,448.3495238095239,0.1014285714285712
509.74750000000006,509.6983333333334,509.6500000000001,509.6016666666667,509.5525,509.50249999999994,509.45333333333326,509.4041666666667,509.355,509.3049999999999,509.2383333333333,509.17249999999996,509.155,509.1383333333333,509.0583333333333,508.80499999999995,508.69999999999993,508.5949999999999,508.42333333333323,508.20833333333326,508.04499999999996,507.8666666666667,507.7041666666667,507.56000000000006,507.4208333333334,507.2591666666667,507.15916666666664,507.23333333333335,507.1591666666667,507.0483333333333,506.9941666666667,506.97166666666664,506.8974999999999,506.79916666666657,506.70166666666665,506.5425,506.37833333333333,506.23583333333323,506.0608333333333,505.8283333333334,505.5191666666666,505.1358333333334,504.5950000000001,503.91833333333335,503.2125,501.97333333333336,500.0241666666667,497.5791666666667,495.3199999999998,493.28999999999996,491.36416666666656,489.6116666666667,487.6675,486.0,484.48333333333335,483.0391666666667,481.5141666666667,480.4200000000001,480.11749999999995,480.3349999999999,480.1783333333333,479.67833333333334,478.85833333333335,477.84333333333336,477.1341666666667,476.02166666666665,474.9258333333333,473.39166666666654,472.0833333333333,470.67583333333334,469.06833333333327,467.41999999999996,465.23083333333335,463.23,461.67999999999995,460.3849999999999,459.25916666666654,458.3299999999999,457.36583333333334,456.78583333333336,456.0441666666666,455.1758333333333,454.1533333333333,452.9,452.34999999999997,451.5233333333333,450.5708333333333,449.7775,448.65999999999997,447.9508333333333,447.3325,446.80583333333334,446.5075,446.87166666666667,447.6583333333333,448.2066666666666,448.76000000000005,449.7316666666667,450.6758333333333,451.2341666666666,451.8591666666666,452.235,452.64,453.1241666666666,453.4233333333333,453.42416666666657,453.2791666666666,453.66499999999996,454.07,454.14416666666654,453.97749999999996,453.9575,454.0716666666666,454.10833333333323,454.09666666666664,454.13666666666666,454.3908333333334,454.6583333333333,455.07083333333327,455.6525,455.95333333333326,456.155,456.62166666666656,456.8749999999999,456.8374999999999,456.8433333333333,456.8941666666667,456.8325,456.6700000000001,456.4416666666667,455.9958333333334,455.4433333333334,455.2025,455.05499999999995,454.58500000000004,454.14500000000004,453.8408333333333,453.3516666666667,452.85416666666663,452.4274999999999,451.97499999999997,451.6191666666666,451.4699999999999,451.33833333333337,451.12333333333333,451.1008333333334,451.22333333333336,451.5291666666666,451.9991666666666,452.55499999999995,453.03166666666664,453.3716666666667,453.58249999999987,453.7458333333333,453.80166666666656,453.76416666666665,453.7433333333334,453.675,453.74000000000007,453.7316666666667,453.62833333333333,453.3741666666666,453.1091666666666,452.935,452.80916666666667,452.6783333333333,452.5133333333333,452.3183333333334,452.15916666666664,451.97583333333324,451.7458333333332,451.4808333333333,451.23749999999995,451.0908333333333,450.8158333333334,450.43416666666667,450.04333333333335,449.71500000000003,449.4233333333333,449.1733333333333,-0.22500000000000378
509.155,509.1383333333333,509.0583333333333,508.80499999999995,508.69999999999993,508.5949999999999,508.42333333333323,508.20833333333326,508.04499999999996,507.8666666666667,507.7041666666667,507.56000000000006,507.4208333333334,507.2591666666667,507.15916666666664,507.23333333333335,507.1591666666667,507.0483333333333,506.9941666666667,506.97166666666664,506.8974999999999,506.79916666666657,506.70166666666665,506.5425,506.37833333333333,506.23583333333323,506.0608333333333,505.8283333333334,505.5191666666666,505.1358333333334,504.5950000000001,503.91833333333335,503.2125,501.97333333333336,500.0241666666667,497.5791666666667,495.3199999999998,493.28999999999996,491.36416666666656,489.6116666666667,487.6675,486.0,484.48333333333335,483.0391666666667,481.5141666666667,480.4200000000001,480.11749999999995,480.3349999999999,480.1783333333333,479.67833333333334,478.85833333333335,477.84333333333336,477.1341666666667,476.02166666666665,474.9258333333333,473.39166666666654,472.0833333333333,470.67583333333334,469.06833333333327,467.41999999999996,465.23083333333335,463.23,461.67999999999995,460.3849999999999,459.25916666666654,458.3299999999999,457.36583333333334,456.78583333333336,456.0441666666666,455.1758333333333,454.1533333333333,452.9,452.34999999999997,451.5233333333333,450.5708333333333,449.7775,448.65999999999997,447.9508333333333,447.3325,446.80583333333334,446.5075,446.87166666666667,447.6583333333333,448.2066666666666,448.76000000000005,449.7316666666667,450.6758333333333,451.2341666666666,451.8591666666666,452.235,452.64,453.1241666666666,453.4233333333333,453.42416666666657,453.2791666666666,453.66499999999996,454.07,454.14416666666654,453.97749999999996,453.9575,454.0716666666666,454.10833333333323,454.09666666666664,454.13666666666666,454.3908333333334,454.6583333333333,455.07083333333327,455.6525,455.95333333333326,456.155,456.62166666666656,456.8749999999999,456.8374999999999,456.8433333333333,456.8941666666667,456.8325,456.6700000000001,456.4416666666667,455.9958333333334,455.4433333333334,455.2025,455.05499999999995,454.58500000000004,454.14500000000004,453.8408333333333,453.3516666666667,452.85416666666663,452.4274999999999,451.97499999999997,451.6191666666666,451.4699999999999,451.33833333333337,451.12333333333333,451.1008333333334,451.22333333333336,451.5291666666666,451.9991666666666,452.55499999999995,453.03166666666664,453.3716666666667,453.58249999999987,453.7458333333333,453.80166666666656,453.76416666666665,453.7433333333334,453.675,453.74000000000007,453.7316666666667,453.62833333333333,453.3741666666666,453.1091666666666,452.935,452.80916666666667,452.6783333333333,452.5133333333333,452.3183333333334,452.15916666666664,451.97583333333324,451.7458333333332,451.4808333333333,451.23749999999995,451.0908333333333,450.8158333333334,450.43416666666667,450.04333333333335,449.71500000000003,449.4233333333333,449.1733333333333,448.9483333333333,448.7833333333333,448.6441666666666,448.59666666666664,448.6441666666666,448.76,449.1541666666666,449.64916666666664,450.09,450.37333333333333,450.63500000000005,450.94166666666666,0.22666666666666893
506.7270000000001,506.5820000000001,506.411,506.242,506.07200000000006,505.862,505.6280000000001,505.3120000000001,504.87700000000007,504.242,503.478,502.6790000000001,501.2440000000001,498.9569999999999,496.02299999999997,493.3529999999999,491.02600000000007,488.87600000000003,486.999,484.999,483.375,481.7670000000001,480.75700000000006,480.46700000000004,480.653,480.71399999999994,480.4770000000001,479.93000000000006,479.10600000000005,478.30500000000006,477.21100000000007,476.18000000000006,474.95399999999995,473.861,472.3230000000001,470.826,469.062,467.382,465.76700000000005,463.57700000000006,461.57,459.76,458.44699999999995,457.38000000000005,456.88000000000005,456.20000000000005,455.65500000000003,455.19700000000006,454.36899999999997,454.08899999999994,453.37100000000004,452.3810000000001,450.936,449.33400000000006,448.184,446.933,446.278,445.74600000000004,445.6110000000001,446.02200000000005,447.135,448.45900000000006,449.3910000000001,450.208,450.881,451.753,452.1240000000001,452.36500000000007,452.79300000000006,453.105,453.114,452.94,453.396,453.882,454.1109999999999,454.28099999999995,454.373,454.295,454.19100000000003,454.083,453.974,453.913,453.969,454.274,454.588,455.083,455.92100000000005,456.652,457.01,457.35499999999996,457.51099999999997,457.37200000000007,457.22200000000004,456.91700000000003,456.5780000000001,456.19300000000004,455.5350000000001,455.134,455.067,454.949,454.826,454.652,454.27299999999997,453.708,453.045,452.338,451.76099999999997,451.36799999999994,450.946,450.65500000000003,450.6070000000001,450.795,451.173,451.51099999999997,452.086,452.682,453.1980000000001,453.606,453.86400000000003,453.903,453.835,453.8690000000001,453.803,453.8190000000001,453.74800000000005,453.6,453.498,453.39799999999997,453.201,453.038,452.891,452.712,452.5320000000001,452.39300000000003,452.175,451.92199999999997,451.641,451.341,451.22600000000006,451.15200000000004,450.98800000000006,450.646,450.1980000000001,449.748,449.408,449.11000000000007,448.812,448.565,448.404,448.22900000000004,448.233,448.54599999999994,448.97900000000004,449.579,450.1190000000001,450.54800000000006,450.84799999999996,451.134,451.402,451.594,451.74399999999997,451.766,451.875,451.75899999999996,451.644,451.695,451.87600000000003,452.033,452.115,452.266,452.41200000000003,452.55,452.602,452.71700000000004,452.832,452.75199999999995,452.823,452.837,452.88899999999995,452.89799999999997,-0.010000000000002274
507.42909090909103,507.2763636363637,507.16909090909087,507.2490909090909,507.169090909091,507.08818181818185,507.03909090909093,507.02727272727276,506.9463636363636,506.8827272727272,506.77636363636367,506.6500000000001,506.4709090909091,506.3154545454545,506.16181818181815,505.97,505.7172727272727,505.4200000000001,505.0118181818183,504.4345454545455,503.6963636363636,502.97,501.61818181818194,499.53909090909093,496.87181818181807,494.4072727272727,492.2299999999999,490.19090909090914,488.3636363636364,486.3636363636364,484.72636363636366,483.23272727272735,481.689090909091,480.6509090909092,480.2318181818182,480.48999999999995,480.52454545454543,480.1036363636364,479.4818181818182,478.46000000000004,477.64636363636373,476.69181818181823,475.49545454545455,474.3818181818181,472.8281818181818,471.5563636363637,469.9318181818182,468.1990909090909,466.60636363636365,464.3427272727273,462.4327272727273,460.8272727272727,459.3745454545454,458.40545454545446,457.39090909090913,456.89909090909094,456.14,455.5945454545455,454.77636363636367,453.7263636363636,453.1545454545454,452.4736363636364,451.3527272727273,450.1209090909091,449.0309090909091,447.85636363636365,447.12,446.5863636363636,446.06181818181824,446.13818181818186,446.83272727272725,448.00818181818175,448.6345454545455,449.459090909091,450.43727272727267,451.10090909090906,451.8390909090909,452.12000000000006,452.4681818181819,452.9509090909091,453.28000000000003,453.2854545454545,453.1227272727272,453.5418181818182,453.98545454545456,454.19181818181806,454.22090909090906,454.09363636363634,454.1281818181818,454.12363636363636,454.07,454.0118181818182,454.0581818181819,454.34,454.6272727272727,455.07545454545453,455.71181818181816,456.1654545454545,456.5963636363636,456.99999999999994,457.1863636363636,457.10090909090906,457.0663636363637,457.02000000000004,456.72181818181826,456.53454545454554,456.12272727272733,455.4500000000001,455.1554545454546,455.1263636363637,454.8872727272728,454.50181818181824,454.2490909090909,453.82545454545453,453.2018181818182,452.67999999999995,452.09363636363634,451.66181818181815,451.34818181818173,451.1154545454546,450.94,450.8372727272728,451.0863636363636,451.3145454545454,451.72727272727275,452.34999999999997,452.87545454545455,453.33909090909094,453.6172727272727,453.8036363636364,453.8309090909091,453.8027272727273,453.82090909090914,453.72,453.7609090909092,453.7263636363637,453.61727272727273,453.5209090909091,453.2490909090909,453.0527272727273,452.9109090909091,452.78181818181815,452.60545454545456,452.4381818181819,452.2663636363637,452.06636363636363,451.83636363636356,451.56,451.27454545454543,451.19,451.0472727272728,450.74090909090904,450.32000000000005,449.90727272727275,449.5527272727273,449.28000000000003,449.00909090909096,448.76363636363635,448.6045454545454,448.4654545454545,448.39363636363635,448.5209090909091,448.8045454545454,449.3445454545455,449.89,450.3163636363637,450.58909090909094,450.87454545454545,451.1836363636364,451.3654545454545,451.5890909090909,451.73272727272723,451.8309090909091,451.8718181818182,451.7672727272727,451.7490909090909,451.79636363636365,451.9518181818182,452.07545454545453,452.15090909090907,0.18181818181818182
486.999,484.999,483.375,481.7670000000001,480.75700000000006,480.46700000000004,480.653,480.71399999999994,480.4770000000001,479.93000000000006,479.10600000000005,478.30500000000006,477.21100000000007,476.18000000000006,474.95399999999995,473.861,472.3230000000001,470.826,469.062,467.382,465.76700000000005,463.57700000000006,461.57,459.76,458.44699999999995,457.38000000000005,456.88000000000005,456.20000000000005,455.65500000000003,455.19700000000006,454.36899999999997,454.08899999999994,453.37100000000004,452.3810000000001,450.936,449.33400000000006,448.184,446.933,446.278,445.74600000000004,445.6110000000001,446.02200000000005,447.135,448.45900000000006,449.3910000000001,450.208,450.881,451.753,452.1240000000001,452.36500000000007,452.79300000000006,453.105,453.114,452.94,453.396,453.882,454.1109999999999,454.28099999999995,454.373,454.295,454.19100000000003,454.083,453.974,453.913,453.969,454.274,454.588,455.083,455.92100000000005,456.652,457.01,457.35499999999996,457.51099999999997,457.37200000000007,457.22200000000004,456.91700000000003,456.5780000000001,456.19300000000004,455.5350000000001,455.134,455.067,454.949,454.826,454.652,454.27299999999997,453.708,453.045,452.338,451.76099999999997,451.36799999999994,450.946,450.65500000000003,450.6070000000001,450.795,451.173,451.51099999999997,452.086,452.682,453.1980000000001,453.606,453.86400000000003,453.903,453.835,453.8690000000001,453.803,453.8190000000001,453.74800000000005,453.6,453.498,453.39799999999997,453.201,453.038,452.891,452.712,452.5320000000001,452.39300000000003,452.175,451.92199999999997,451.641,451.341,451.22600000000006,451.15200000000004,450.98800000000006,450.646,450.1980000000001,449.748,449.408,449.11000000000007,448.812,448.565,448.404,448.22900000000004,448.233,448.54599999999994,448.97900000000004,449.579,450.1190000000001,450.54800000000006,450.84799999999996,451.134,451.402,451.594,451.74399999999997,451.766,451.875,451.75899999999996,451.644,451.695,451.87600000000003,452.033,452.115,452.266,452.41200000000003,452.55,452.602,452.71700000000004,452.832,452.75199999999995,452.823,452.837,452.88899999999995,452.89799999999997,452.8879999999999,452.878,452.86800000000005,452.858,452.83900000000006,452.934,452.85699999999997,452.826,452.806,452.828,452.837,452.6980000000001,452.52700000000004,452.38500000000005,452.25100000000003,452.01000000000005,451.83600000000007,451.7320000000001,-0.23199999999999932
